Row,Analysis,Date,Identifier 1,Identifier 2,Comment,Amount,Gasconfiguration,Peak Nr,Is Ref _,Rt,Width,BGD 28,Ampl  28,rArea 28,Area 28,BGD 29,Ampl  29,rArea 29,Area 29,rR 29N2/28N2,R 29N2/28N2,rd 29N2/28N2,d 29N2/28N2,R 15N/14N,d 15N/14N,BGD 44,Ampl  44,rArea 44,Area 44,BGD 45,Ampl  45,rArea 45,Area 45,BGD 46,Ampl  46,Area 46,rArea 46,rR 45CO2/44CO2,R 45CO2/44CO2,rd 45CO2/44CO2,d 45CO2/44CO2,rR 46CO2/44CO2,R 46CO2/44CO2,rd 46CO2/44CO2,d 46CO2/44CO2,R 13C/12C,d 13C/12C,R 18O/16O,d 18O/16O
1,42133,12/07/22,Dummy,A,1,0.454,N2,1,1,47.4,27,15.7,3262,60087,60.087,10.6,2147,39563,0.435,0.6584326,0.0073564,0,0,0.0036782,0,,,,,,,,,,,,,,,,,,,,,,,,
1,42133,12/07/22,Dummy,A,1,0.454,N2,2,0,216.1,74,16.4,1176,25445,25.445,11.0,784,16952,0.186,0.6662316,0.0074435,11.845,11.845,0.0037218,11.845,,,,,,,,,,,,,,,,,,,,,,,,
1,42133,12/07/22,Dummy,A,1,0.454,CO2,3,0,368.5,102,,,,,,,,,,,,,,,1.5,5920,143781,143.781,1.0,6252,151276,1.664,3.2,8528,0.622,207417,1.052129,0.0118789,-8.837,-8.837,1.4425899,0.0040414,5.433,5.433,0.011072,-9.676,0.0020162,5.461
1,42133,12/07/22,Dummy,A,1,0.454,CO2,4,1,525.4,43.1,,,,,,,,,,,,,,,5.7,5219,96691,96.691,5.4,5538,102638,1.129,9.5,7487,0.416,138731,1.06151,0.0119849,0,0,1.4347943,0.0040196,0,0,0.0111802,0,0.0020052,0
2,42134,12/07/22,Blank,A,2,0,N2,1,1,47.4,27,16.6,3258,60071,60.071,11.5,2147,39595,0.436,0.659132,0.0073564,0,0,0.0036782,0,,,,,,,,,,,,,,,,,,,,,,,,
2,42134,12/07/22,Blank,A,2,0,CO2,2,0,374.1,62.3,,,,,,,,,,,,,,,1.9,83,2025,2.025,1.4,86,2105,0.023,3.9,120,0.009,2929,1.0397232,0.0117367,-20.707,-20.707,1.4467224,0.0040525,8.202,8.202,0.0109286,-22.504,0.0020218,8.262
2,42134,12/07/22,Blank,A,2,0,CO2,3,1,525.2,41,,,,,,,,,,,,,,,2.0,5219,96554,96.554,1.5,5538,102512,1.128,3.9,7485,0.416,138550,1.0617081,0.0119849,0,0,1.4349524,0.0040196,0,0,0.0111802,0,0.0020052,0
3,42135,12/07/22,GA1_QTY_0.14,A,3,0.127,N2,1,1,47.4,27,16.1,3261,60123,60.123,11.0,2147,39585,0.435,0.6583929,0.0073564,0,0,0.0036782,0,,,,,,,,,,,,,,,,,,,,,,,,
3,42135,12/07/22,GA1_QTY_0.14,A,3,0.127,N2,2,0,215.9,63.5,16.5,239,5234,5.234,11.1,157,3433,0.038,0.6557964,0.0073274,-3.944,-3.944,0.0036637,-3.944,,,,,,,,,,,,,,,,,,,,,,,,
3,42135,12/07/22,GA1_QTY_0.14,A,3,0.127,CO2,3,0,372.4,83.8,,,,,,,,,,,,,,,1.5,1469,35159,35.159,1.0,1537,36765,0.404,3.4,2119,0.152,50800,1.0456739,0.0118046,-15.041,-15.041,1.4448366,0.0040472,6.887,6.887,0.0109971,-16.381,0.0020191,6.932
3,42135,12/07/22,GA1_QTY_0.14,A,3,0.127,CO2,4,1,525.2,41.2,,,,,,,,,,,,,,,2.7,5217,96711,96.711,2.2,5538,102673,1.129,5.0,7486,0.416,138776,1.0616424,0.0119849,0,0,1.4349534,0.0040196,0,0,0.0111802,0,0.0020052,0
4,42136,12/07/22,GA1_QTY_0.56,A,4,0.614,N2,1,1,47.4,27,16.2,3261,60155,60.155,11.1,2147,39607,0.436,0.6584137,0.0073564,0,0,0.0036782,0,,,,,,,,,,,,,,,,,,,,,,,,
4,42136,12/07/22,GA1_QTY_0.56,A,4,0.614,N2,2,0,215.7,72.7,16.7,1217,26167,26.167,11.2,799,17161,0.189,0.6558421,0.0073277,-3.906,-3.906,0.0036638,-3.906,,,,,,,,,,,,,,,,,,,,,,,,
4,42136,12/07/22,GA1_QTY_0.56,A,4,0.614,CO2,3,0,366.6,99.5,,,,,,,,,,,,,,,1.6,6965,168837,168.837,1.0,7312,176470,1.941,3.4,10033,0.731,243577,1.045211,0.0118007,-15.367,-15.367,1.4426821,0.0040418,5.53,5.53,0.0109937,-16.68,0.0020164,5.573
4,42136,12/07/22,GA1_QTY_0.56,A,4,0.614,CO2,4,1,525.4,42.2,,,,,,,,,,,,,,,4.3,5220,96719,96.719,3.9,5540,102670,1.129,7.4,7489,0.416,138767,1.0615239,0.0119849,0,0,1.4347485,0.0040196,0,0,0.0111802,0,0.0020052,0
5,42137,12/07/22,GA1_QTY_0.70,A,5,0.721,N2,1,1,47.4,27,16.6,3260,60074,60.074,11.4,2146,39555,0.435,0.6584458,0.0073564,0,0,0.0036782,0,,,,,,,,,,,,,,,,,,,,,,,,
5,42137,12/07/22,GA1_QTY_0.70,A,5,0.721,N2,2,0,216.1,74,16.9,1434,30714,30.714,11.5,941,20139,0.222,0.6556855,0.0073256,-4.192,-4.192,0.0036628,-4.192,,,,,,,,,,,,,,,,,,,,,,,,
5,42137,12/07/22,GA1_QTY_0.70,A,5,0.721,CO2,3,0,366,102.8,,,,,,,,,,,,,,,1.8,8165,198512,198.512,1.2,8580,207479,2.282,3.7,11757,0.859,286194,1.0451699,0.0118007,-15.363,-15.363,1.4416942,0.0040391,4.872,4.872,0.010994,-16.651,0.0020151,4.915
5,42137,12/07/22,GA1_QTY_0.70,A,5,0.721,CO2,4,1,525.4,41.6,,,,,,,,,,,,,,,4.9,5220,96710,96.71,4.6,5539,102655,1.129,8.3,7487,0.416,138750,1.0614773,0.0119849,0,0,1.4347037,0.0040196,0,0,0.0111802,0,0.0020052,0
6,42138,12/07/22,SAL_Std_01,A,6,0.579,N2,1,1,47.4,27,16.7,3259,60043,60.043,11.5,2146,39534,0.435,0.6584319,0.0073564,0,0,0.0036782,0,,,,,,,,,,,,,,,,,,,,,,,,
6,42138,12/07/22,SAL_Std_01,A,6,0.579,N2,2,0,216.1,75.2,17.0,1517,32669,32.669,11.6,1011,21765,0.239,0.6662235,0.0074435,11.834,11.834,0.0037217,11.834,,,,,,,,,,,,,,,,,,,,,,,,
6,42138,12/07/22,SAL_Std_01,A,6,0.579,CO2,3,0,366.6,106,,,,,,,,,,,,,,,1.9,7589,185054,185.054,1.4,8022,194680,2.141,3.8,10925,0.8,266783,1.0520197,0.0118782,-8.9,-8.9,1.4416542,0.0040391,4.867,4.867,0.0110715,-9.722,0.002015,4.895
6,42138,12/07/22,SAL_Std_01,A,6,0.579,CO2,4,1,525.4,43.1,,,,,,,,,,,,,,,6.7,5220,96717,96.717,6.4,5539,102662,1.129,10.9,7489,0.416,138757,1.0614666,0.0119849,0,0,1.434671,0.0040196,0,0,0.0111802,0,0.0020052,0
7,42139,12/07/22,GA1_Std_01,A,7,0.554,N2,1,1,47.4,27,16.8,3256,59960,59.96,11.7,2146,39521,0.435,0.6591229,0.0073564,0,0,0.0036782,0,,,,,,,,,,,,,,,,,,,,,,,,
7,42139,12/07/22,GA1_Std_01,A,7,0.554,N2,2,0,215.9,72.5,17.0,1084,23352,23.352,11.6,712,15328,0.169,0.6563712,0.0073257,-4.175,-4.175,0.0036628,-4.175,,,,,,,,,,,,,,,,,,,,,,,,
7,42139,12/07/22,GA1_Std_01,A,7,0.554,CO2,3,0,367.6,99.5,,,,,,,,,,,,,,,1.9,6275,151853,151.853,1.4,6583,158708,1.746,3.9,9035,0.657,218974,1.0451422,0.0118003,-15.402,-15.402,1.4420156,0.0040402,5.124,5.124,0.0109935,-16.702,0.0020156,5.167
7,42139,12/07/22,GA1_Std_01,A,7,0.554,CO2,4,1,525.4,42.2,,,,,,,,,,,,,,,4.4,5219,96708,96.708,4.0,5539,102655,1.129,7.6,7487,0.416,138744,1.0614913,0.0119849,0,0,1.4346648,0.0040196,0,0,0.0111802,0,0.0020052,0
8,42140,12/07/22,GA2_Std_01,A,8,0.54,N2,1,1,47.4,27,16.6,3258,60020,60.02,11.6,2145,39521,0.435,0.6584611,0.0073564,0,0,0.0036782,0,,,,,,,,,,,,,,,,,,,,,,,,
8,42140,12/07/22,GA2_Std_01,A,8,0.54,N2,2,0,215.7,72.5,17.0,1064,22984,22.984,11.6,698,15057,0.166,0.6550815,0.0073186,-5.132,-5.132,0.0036593,-5.132,,,,,,,,,,,,,,,,,,,,,,,,
8,42140,12/07/22,GA2_Std_01,A,8,0.54,CO2,3,0,367.4,97.8,,,,,,,,,,,,,,,1.9,6108,147953,147.953,1.4,6496,156761,1.724,3.9,8795,0.64,213353,1.0595332,0.0119626,-1.857,-1.857,1.4420318,0.0040403,5.149,5.149,0.0111558,-2.182,0.0020155,5.16
8,42140,12/07/22,GA2_Std_01,A,8,0.54,CO2,4,1,525.4,42,,,,,,,,,,,,,,,4.1,5218,96706,96.706,3.8,5538,102654,1.129,7.2,7485,0.416,138739,1.0615048,0.0119849,0,0,1.4346446,0.0040196,0,0,0.0111802,0,0.0020052,0
9,42141,12/07/22,SI_693,A,9,0.422,N2,1,1,47.4,26.8,16.8,3254,59800,59.8,11.7,2138,39316,0.432,0.6574512,0.0073564,0,0,0.0036782,0,,,,,,,,,,,,,,,,,,,,,,,,
9,42141,12/07/22,SI_693,A,9,0.422,N2,2,0,215.9,74.4,17.0,1268,27474,27.474,11.6,848,18350,0.202,0.6679034,0.0074734,15.898,15.898,0.0037367,15.898,,,,,,,,,,,,,,,,,,,,,,,,
9,42141,12/07/22,SI_693,A,9,0.422,CO2,3,0,368.5,99.5,,,,,,,,,,,,,,,1.9,5400,131129,131.129,1.4,5744,138997,1.529,3.8,7777,0.567,189137,1.0600005,0.0119678,-1.422,-1.422,1.4423685,0.0040412,5.393,5.393,0.0111609,-1.725,0.002016,5.403
9,42141,12/07/22,SI_693,A,9,0.422,CO2,4,1,525.4,42.2,,,,,,,,,,,,,,,5.6,5219,96683,96.683,5.3,5538,102630,1.129,9.3,7485,0.416,138705,1.0615101,0.0119849,0,0,1.4346312,0.0040196,0,0,0.0111802,0,0.0020052,0
10,42142,12/07/22,SI_694,A,10,0.495,N2,1,1,47.4,27,16.6,3257,60056,60.056,11.6,2144,39544,0.435,0.6584484,0.0073564,0,0,0.0036782,0,,,,,,,,,,,,,,,,,,,,,,,,
10,42142,12/07/22,SI_694,A,10,0.495,N2,2,0,215.9,75.2,17.0,1494,32242,32.242,11.5,999,21554,0.237,0.6685007,0.0074687,15.267,15.267,0.0037344,15.267,,,,,,,,,,,,,,,,,,,,,,,,
10,42142,12/07/22,SI_694,A,10,0.495,CO2,3,0,367.6,98.4,,,,,,,,,,,,,,,1.8,6361,154428,154.428,1.3,6769,163666,1.8,3.7,9159,0.668,222661,1.0598228,0.0119657,-1.597,-1.597,1.4418466,0.0040397,5.021,5.021,0.011159,-1.899,0.0020153,5.031
10,42142,12/07/22,SI_694,A,10,0.495,CO2,4,1,525.4,42.8,,,,,,,,,,,,,,,5.2,5219,96722,96.722,4.9,5539,102673,1.129,8.7,7486,0.416,138762,1.0615183,0.0119849,0,0,1.4346435,0.0040196,0,0,0.0111802,0,0.0020052,0
11,42143,12/07/22,SI_695,A,11,0.413,N2,1,1,47.4,27,16.7,3257,59997,59.997,11.6,2144,39504,0.435,0.6584375,0.0073564,0,0,0.0036782,0,,,,,,,,,,,,,,,,,,,,,,,,
11,42143,12/07/22,SI_695,A,11,0.413,N2,2,0,215.9,73.8,17.0,1229,26685,26.685,11.6,821,17820,0.196,0.667808,0.0074611,14.231,14.231,0.0037305,14.231,,,,,,,,,,,,,,,,,,,,,,,,
11,42143,12/07/22,SI_695,A,11,0.413,CO2,3,0,368.7,97.6,,,,,,,,,,,,,,,1.8,5270,128002,128.002,1.3,5600,135564,1.491,3.8,7589,0.554,184602,1.0590798,0.0119574,-2.288,-2.288,1.4421852,0.0040408,5.28,5.28,0.0111506,-2.649,0.0020158,5.292
11,42143,12/07/22,SI_695,A,11,0.413,CO2,4,1,525.4,42.4,,,,,,,,,,,,,,,5.5,5219,96715,96.715,5.2,5538,102664,1.129,9.2,7486,0.416,138749,1.0615085,0.0119849,0,0,1.4346107,0.0040196,0,0,0.0111802,0,0.0020052,0
12,42144,12/07/22,SI_696,A,12,0.43,N2,1,1,47.4,27,16.7,3256,59998,59.998,11.6,2144,39507,0.435,0.6584741,0.0073564,0,0,0.0036782,0,,,,,,,,,,,,,,,,,,,,,,,,
12,42144,12/07/22,SI_696,A,12,0.43,N2,2,0,215.9,74.4,17.0,1258,27324,27.324,11.6,841,18262,0.201,0.6683452,0.0074667,14.991,14.991,0.0037333,14.991,,,,,,,,,,,,,,,,,,,,,,,,
12,42144,12/07/22,SI_696,A,12,0.43,CO2,3,0,368.5,100.3,,,,,,,,,,,,,,,1.8,5419,131864,131.864,1.3,5764,139786,1.538,3.7,7803,0.571,190176,1.0600793,0.0119682,-1.392,-1.392,1.4422193,0.004041,5.336,5.336,0.0111613,-1.69,0.0020159,5.346
12,42144,12/07/22,SI_696,A,12,0.43,CO2,4,1,525.4,43.1,,,,,,,,,,,,,,,5.8,5217,96689,96.689,5.5,5537,102641,1.129,9.6,7484,0.416,138706,1.0615569,0.0119849,0,0,1.4345639,0.0040196,0,0,0.0111802,0,0.0020052,0
13,42145,12/07/22,Blank,B,1,0,N2,1,1,47.4,27,16.6,3255,59982,59.982,11.5,2143,39495,0.434,0.6584452,0.0073564,0,0,0.0036782,0,,,,,,,,,,,,,,,,,,,,,,,,
13,42145,12/07/22,Blank,B,1,0,CO2,2,1,525.2,41,,,,,,,,,,,,,,,2.0,5220,96602,96.602,1.5,5539,102569,1.128,3.9,7486,0.416,138598,1.0617726,0.0119849,0,0,1.4347373,0.0040196,0,0,0.0111802,0,0.0020052,0
14,42146,12/07/22,SI_697,B,2,0.49,N2,1,1,47.4,27,16.1,3258,60069,60.069,11.0,2145,39552,0.435,0.6584411,0.0073564,0,0,0.0036782,0,,,,,,,,,,,,,,,,,,,,,,,,
14,42146,12/07/22,SI_697,B,2,0.49,N2,2,0,215.9,74.4,16.6,1467,31701,31.701,11.3,980,21180,0.233,0.6681348,0.0074647,14.722,14.722,0.0037324,14.722,,,,,,,,,,,,,,,,,,,,,,,,
14,42146,12/07/22,SI_697,B,2,0.49,CO2,3,0,367.8,100.7,,,,,,,,,,,,,,,1.6,6215,151074,151.074,1.0,6609,160021,1.76,3.4,8946,0.654,217835,1.0592242,0.0119582,-2.22,-2.22,1.44191,0.0040403,5.158,5.158,0.0111515,-2.571,0.0020156,5.169
14,42146,12/07/22,SI_697,B,2,0.49,CO2,4,1,525.4,43.1,,,,,,,,,,,,,,,5.5,5218,96690,96.69,5.2,5537,102644,1.129,9.2,7483,0.416,138703,1.0615809,0.0119849,0,0,1.4345107,0.0040196,0,0,0.0111802,0,0.0020052,0
15,42147,12/07/22,SI_698,B,3,0.434,N2,1,1,47.4,27,16.5,3256,59986,59.986,11.4,2144,39499,0.434,0.6584704,0.0073564,0,0,0.0036782,0,,,,,,,,,,,,,,,,,,,,,,,,
15,42147,12/07/22,SI_698,B,3,0.434,N2,2,0,215.9,74,16.9,1246,27038,27.038,11.5,832,18049,0.199,0.6675153,0.0074574,13.736,13.736,0.0037287,13.736,,,,,,,,,,,,,,,,,,,,,,,,
15,42147,12/07/22,SI_698,B,3,0.434,CO2,3,0,368.5,98.6,,,,,,,,,,,,,,,1.7,5400,131166,131.166,1.2,5736,138898,1.528,3.7,7774,0.567,189161,1.0589447,0.0119547,-2.514,-2.514,1.4421446,0.0040408,5.287,5.287,0.0111479,-2.891,0.0020158,5.299
15,42147,12/07/22,SI_698,B,3,0.434,CO2,4,1,525.4,42.4,,,,,,,,,,,,,,,4.7,5218,96671,96.671,4.3,5538,102627,1.129,8.0,7484,0.416,138681,1.061613,0.0119849,0,0,1.4345602,0.0040196,0,0,0.0111802,0,0.0020052,0
16,42148,12/07/22,SI_699,B,4,0.424,N2,1,1,47.4,27,16.6,3255,60043,60.043,11.5,2143,39537,0.435,0.6584772,0.0073564,0,0,0.0036782,0,,,,,,,,,,,,,,,,,,,,,,,,
16,42148,12/07/22,SI_699,B,4,0.424,N2,2,0,216.1,73.8,16.9,1256,27200,27.2,11.5,839,18167,0.2,0.6678994,0.0074617,14.309,14.309,0.0037308,14.309,,,,,,,,,,,,,,,,,,,,,,,,
16,42148,12/07/22,SI_699,B,4,0.424,CO2,3,0,368.7,96.8,,,,,,,,,,,,,,,1.8,5442,131889,131.889,1.3,5786,139771,1.537,3.7,7835,0.571,190213,1.0597601,0.0119638,-1.754,-1.754,1.4422217,0.0040411,5.368,5.368,0.0111569,-2.08,0.002016,5.378
16,42148,12/07/22,SI_699,B,4,0.424,CO2,4,1,525.4,42.6,,,,,,,,,,,,,,,5.2,5215,96624,96.624,4.9,5535,102578,1.128,8.7,7481,0.416,138609,1.0616223,0.0119849,0,0,1.4345212,0.0040196,0,0,0.0111802,0,0.0020052,0
17,42149,12/07/22,SI_700,B,5,0.462,N2,1,1,47.4,27,16.5,3254,59992,59.992,11.4,2142,39502,0.435,0.6584501,0.0073564,0,0,0.0036782,0,,,,,,,,,,,,,,,,,,,,,,,,
17,42149,12/07/22,SI_700,B,5,0.462,N2,2,0,216.1,74.2,16.9,1294,28042,28.042,11.5,865,18741,0.206,0.6683162,0.0074666,14.984,14.984,0.0037333,14.984,,,,,,,,,,,,,,,,,,,,,,,,
17,42149,12/07/22,SI_700,B,5,0.462,CO2,3,0,368.5,98,,,,,,,,,,,,,,,1.8,5573,135252,135.252,1.2,5924,143303,1.576,3.7,8025,0.585,195038,1.0595319,0.0119612,-1.974,-1.974,1.4420388,0.0040407,5.256,5.256,0.0111544,-2.311,0.0020158,5.267
17,42149,12/07/22,SI_700,B,5,0.462,CO2,4,1,525.4,43.1,,,,,,,,,,,,,,,5.3,5214,96655,96.655,5.0,5534,102611,1.129,8.9,7477,0.416,138651,1.0616274,0.0119849,0,0,1.4344985,0.0040196,0,0,0.0111802,0,0.0020052,0
18,42150,12/07/22,GA2_Std_02,B,6,0.559,N2,1,1,47.4,27,16.6,3254,59978,59.978,11.5,2142,39493,0.434,0.6584573,0.0073564,0,0,0.0036782,0,,,,,,,,,,,,,,,,,,,,,,,,
18,42150,12/07/22,GA2_Std_02,B,6,0.559,N2,2,0,215.9,72.7,16.9,1096,23675,23.675,11.5,718,15508,0.171,0.6550309,0.0073181,-5.204,-5.204,0.0036591,-5.204,,,,,,,,,,,,,,,,,,,,,,,,
18,42150,12/07/22,GA2_Std_02,B,6,0.559,CO2,3,0,367.6,98.9,,,,,,,,,,,,,,,1.8,6326,153498,153.498,1.2,6729,162622,1.789,3.7,9107,0.664,221278,1.0594464,0.0119606,-2.021,-2.021,1.4415706,0.0040395,4.961,4.961,0.0111539,-2.35,0.0020152,4.971
18,42150,12/07/22,GA2_Std_02,B,6,0.559,CO2,4,1,525.4,42.2,,,,,,,,,,,,,,,4.3,5212,96625,96.625,3.9,5532,102577,1.128,7.4,7476,0.416,138605,1.0615915,0.0119849,0,0,1.4344547,0.0040196,0,0,0.0111802,0,0.0020052,0
19,42151,12/07/22,SAL_Std_02,B,7,0.581,N2,1,1,47.4,26.8,16.6,3253,59927,59.927,11.5,2142,39459,0.434,0.6584534,0.0073564,0,0,0.0036782,0,,,,,,,,,,,,,,,,,,,,,,,,
19,42151,12/07/22,SAL_Std_02,B,7,0.581,N2,2,0,216.1,77.3,16.9,1496,32431,32.431,11.5,997,21606,0.238,0.6662031,0.007443,11.77,11.77,0.0037215,11.77,,,,,,,,,,,,,,,,,,,,,,,,
19,42151,12/07/22,SAL_Std_02,B,7,0.581,CO2,3,0,366.8,106.8,,,,,,,,,,,,,,,1.8,7473,183518,183.518,1.3,7899,193069,2.124,3.8,10751,0.793,264395,1.0520389,0.0118769,-9.006,-9.006,1.4406978,0.0040373,4.406,4.406,0.0110704,-9.818,0.0020141,4.433
19,42151,12/07/22,SAL_Std_02,B,7,0.581,CO2,4,1,525.4,43.1,,,,,,,,,,,,,,,10.9,5214,96637,96.637,10.9,5532,102590,1.128,17.0,7476,0.416,138614,1.0615993,0.0119849,0,0,1.4343782,0.0040196,0,0,0.0111802,0,0.0020052,0
20,42152,12/07/22,GA1_Std_02,B,8,0.554,N2,1,1,47.4,27,17.7,3253,59999,59.999,12.5,2142,39509,0.435,0.6584927,0.0073564,0,0,0.0036782,0,,,,,,,,,,,,,,,,,,,,,,,,
20,42152,12/07/22,GA1_Std_02,B,8,0.554,N2,2,0,216.1,72.5,17.5,1072,23151,23.151,12.1,703,15181,0.167,0.6557344,0.0073256,-4.189,-4.189,0.0036628,-4.189,,,,,,,,,,,,,,,,,,,,,,,,
20,42152,12/07/22,GA1_Std_02,B,8,0.554,CO2,3,0,367.8,97.4,,,,,,,,,,,,,,,2.5,6181,149875,149.875,2.1,6484,156647,1.723,4.8,8894,0.648,216000,1.0451787,0.0117992,-15.49,-15.49,1.4411961,0.0040388,4.776,4.776,0.0109926,-16.784,0.0020149,4.818
20,42152,12/07/22,GA1_Std_02,B,8,0.554,CO2,4,1,525.4,41.4,,,,,,,,,,,,,,,4.2,5211,96546,96.546,3.8,5530,102495,1.127,7.3,7473,0.415,138480,1.0616237,0.0119849,0,0,1.4343463,0.0040196,0,0,0.0111802,0,0.0020052,0
21,42153,12/07/22,SI_701,B,9,0.488,N2,1,1,47.4,27,16.6,3252,59905,59.905,11.6,2140,39446,0.434,0.65848,0.0073564,0,0,0.0036782,0,,,,,,,,,,,,,,,,,,,,,,,,
21,42153,12/07/22,SI_701,B,9,0.488,N2,2,0,216.1,75.4,17.0,1420,30715,30.715,11.6,949,20523,0.226,0.6681643,0.0074646,14.707,14.707,0.0037323,14.707,,,,,,,,,,,,,,,,,,,,,,,,
21,42153,12/07/22,SI_701,B,9,0.488,CO2,3,0,368,98.9,,,,,,,,,,,,,,,1.8,6338,154363,154.363,1.3,6736,163414,1.798,3.8,9122,0.667,222479,1.058635,0.0119508,-2.838,-2.838,1.4412683,0.004039,4.829,4.829,0.0111442,-3.222,0.0020149,4.842
21,42153,12/07/22,SI_701,B,9,0.488,CO2,4,1,525.4,43.1,,,,,,,,,,,,,,,6.6,5211,96554,96.554,6.4,5530,102506,1.128,10.9,7472,0.415,138491,1.0616483,0.0119849,0,0,1.4343415,0.0040196,0,0,0.0111802,0,0.0020052,0
22,42154,12/07/22,SI_702,B,10,0.422,N2,1,1,47.4,27,16.7,3252,59886,59.886,11.6,2141,39434,0.434,0.6584727,0.0073564,0,0,0.0036782,0,,,,,,,,,,,,,,,,,,,,,,,,
22,42154,12/07/22,SI_702,B,10,0.422,N2,2,0,215.9,74.6,17.0,1231,26824,26.824,11.6,823,17922,0.197,0.6681521,0.0074645,14.7,14.7,0.0037323,14.7,,,,,,,,,,,,,,,,,,,,,,,,
22,42154,12/07/22,SI_702,B,10,0.422,CO2,3,0,368.7,103.5,,,,,,,,,,,,,,,1.8,5348,130407,130.407,1.3,5687,138212,1.52,3.8,7700,0.564,188015,1.0598507,0.0119647,-1.681,-1.681,1.4417587,0.0040402,5.131,5.131,0.0111579,-1.993,0.0020155,5.141
22,42154,12/07/22,SI_702,B,10,0.422,CO2,4,1,525.4,41.8,,,,,,,,,,,,,,,4.1,5209,96520,96.52,3.7,5528,102469,1.127,7.2,7471,0.415,138449,1.0616357,0.0119849,0,0,1.4343991,0.0040196,0,0,0.0111802,0,0.0020052,0
23,42155,12/07/22,SI_703,B,11,0.432,N2,1,1,47.4,27,16.5,3251,59891,59.891,11.5,2140,39436,0.434,0.6584551,0.0073564,0,0,0.0036782,0,,,,,,,,,,,,,,,,,,,,,,,,
23,42155,12/07/22,SI_703,B,11,0.432,N2,2,0,215.9,74.6,16.9,1262,27488,27.488,11.5,844,18362,0.202,0.6680148,0.0074632,14.518,14.518,0.0037316,14.518,,,,,,,,,,,,,,,,,,,,,,,,
23,42155,12/07/22,SI_703,B,11,0.432,CO2,3,0,368.5,98,,,,,,,,,,,,,,,1.8,5461,133066,133.066,1.3,5801,140898,1.55,3.7,7861,0.576,191871,1.0588538,0.0119534,-2.626,-2.626,1.4419204,0.0040406,5.241,5.241,0.0111465,-3.01,0.0020157,5.253
23,42155,12/07/22,SI_703,B,11,0.432,CO2,4,1,525.4,42.2,,,,,,,,,,,,,,,4.9,5208,96567,96.567,4.6,5528,102519,1.128,8.3,7469,0.416,138516,1.0616417,0.0119849,0,0,1.434403,0.0040196,0,0,0.0111802,0,0.0020052,0
24,42156,12/07/22,SI_704,B,12,0.449,N2,1,1,47.4,27,16.5,3249,59847,59.847,11.4,2141,39447,0.434,0.6591206,0.0073564,0,0,0.0036782,0,,,,,,,,,,,,,,,,,,,,,,,,
24,42156,12/07/22,SI_704,B,12,0.449,N2,2,0,216.1,75,16.9,1314,28549,28.549,11.5,879,19087,0.21,0.6685809,0.007462,14.353,14.353,0.003731,14.353,,,,,,,,,,,,,,,,,,,,,,,,
24,42156,12/07/22,SI_704,B,12,0.449,CO2,3,0,368.5,98.6,,,,,,,,,,,,,,,1.8,5668,138059,138.059,1.3,6025,146258,1.609,3.8,8160,0.597,199050,1.0593922,0.0119593,-2.128,-2.128,1.4417787,0.0040403,5.15,5.15,0.0111526,-2.473,0.0020155,5.161
24,42156,12/07/22,SI_704,B,12,0.449,CO2,4,1,525.4,42.8,,,,,,,,,,,,,,,5.7,5209,96536,96.536,5.4,5528,102488,1.127,9.4,7471,0.415,138471,1.0616518,0.0119849,0,0,1.4343916,0.0040196,0,0,0.0111802,0,0.0020052,0
25,42157,12/07/22,Blank,C,1,0,N2,1,1,47.4,27,16.7,3250,59910,59.91,11.6,2139,39448,0.434,0.6584531,0.0073564,0,0,0.0036782,0,,,,,,,,,,,,,,,,,,,,,,,,
25,42157,12/07/22,Blank,C,1,0,CO2,2,1,525.2,40.5,,,,,,,,,,,,,,,1.9,5207,96361,96.361,1.4,5526,102323,1.126,3.9,7466,0.415,138235,1.0618732,0.0119849,0,0,1.4345653,0.0040196,0,0,0.0111802,0,0.0020052,0
26,42158,12/07/22,SI_705,C,2,0.433,N2,1,1,47.4,26.8,16.1,3252,59910,59.91,11.0,2141,39444,0.434,0.6583896,0.0073564,0,0,0.0036782,0,,,,,,,,,,,,,,,,,,,,,,,,
26,42158,12/07/22,SI_705,C,2,0.433,N2,2,0,215.9,74.4,16.6,1282,27897,27.897,11.2,856,18626,0.205,0.6676697,0.0074601,14.095,14.095,0.00373,14.095,,,,,,,,,,,,,,,,,,,,,,,,
26,42158,12/07/22,SI_705,C,2,0.433,CO2,3,0,368.7,98.2,,,,,,,,,,,,,,,1.5,5484,133769,133.769,1.0,5825,141606,1.558,3.4,7897,0.579,192919,1.0585856,0.0119499,-2.919,-2.919,1.4421787,0.0040414,5.429,5.429,0.011143,-3.331,0.0020161,5.443
26,42158,12/07/22,SI_705,C,2,0.433,CO2,4,1,525.4,43.1,,,,,,,,,,,,,,,7.0,5209,96501,96.501,6.8,5527,102453,1.127,11.3,7469,0.415,138420,1.0616851,0.0119849,0,0,1.4343908,0.0040196,0,0,0.0111802,0,0.0020052,0
27,42159,12/07/22,SI_706,C,3,0.457,N2,1,1,47.4,27,16.6,3250,59867,59.867,11.5,2139,39416,0.434,0.6583957,0.0073564,0,0,0.0036782,0,,,,,,,,,,,,,,,,,,,,,,,,
27,42159,12/07/22,SI_706,C,3,0.457,N2,2,0,215.9,75.2,16.9,1385,30043,30.043,11.5,926,20070,0.221,0.6680574,0.0074644,14.675,14.675,0.0037322,14.675,,,,,,,,,,,,,,,,,,,,,,,,
27,42159,12/07/22,SI_706,C,3,0.457,CO2,3,0,368.3,98.9,,,,,,,,,,,,,,,1.7,5817,141624,141.624,1.2,6189,150163,1.652,3.6,8376,0.613,204253,1.0602927,0.0119692,-1.302,-1.302,1.4422177,0.0040415,5.469,5.469,0.0111623,-1.599,0.0020162,5.479
27,42159,12/07/22,SI_706,C,3,0.457,CO2,4,1,525.4,42.6,,,,,,,,,,,,,,,5.3,5206,96467,96.467,5.0,5525,102416,1.127,8.9,7466,0.415,138369,1.0616754,0.0119849,0,0,1.4343729,0.0040196,0,0,0.0111802,0,0.0020052,0
28,42160,12/07/22,SI_707,C,4,0.415,N2,1,1,47.4,27,16.6,3248,59914,59.914,11.5,2140,39491,0.434,0.6591177,0.0073564,0,0,0.0036782,0,,,,,,,,,,,,,,,,,,,,,,,,
28,42160,12/07/22,SI_707,C,4,0.415,N2,2,0,215.9,73.8,16.9,1221,26537,26.537,11.5,817,17745,0.195,0.6686701,0.007463,14.493,14.493,0.0037315,14.493,,,,,,,,,,,,,,,,,,,,,,,,
28,42160,12/07/22,SI_707,C,4,0.415,CO2,3,0,368.7,96.6,,,,,,,,,,,,,,,1.8,5251,127496,127.496,1.3,5582,135092,1.486,3.8,7563,0.552,183900,1.0595772,0.0119609,-1.999,-1.999,1.4423965,0.0040421,5.613,5.613,0.0111539,-2.351,0.0020165,5.624
28,42160,12/07/22,SI_707,C,4,0.415,CO2,4,1,525.4,42.2,,,,,,,,,,,,,,,5.0,5205,96458,96.458,4.6,5525,102409,1.127,8.4,7465,0.415,138354,1.0616993,0.0119849,0,0,1.4343456,0.0040196,0,0,0.0111802,0,0.0020052,0
29,42161,12/07/22,SI_708,C,5,0.413,N2,1,1,47.4,27,16.5,3249,59860,59.86,11.5,2139,39410,0.434,0.6583645,0.0073564,0,0,0.0036782,0,,,,,,,,,,,,,,,,,,,,,,,,
29,42161,12/07/22,SI_708,C,5,0.413,N2,2,0,215.9,74.2,16.9,1236,26863,26.863,11.5,826,17946,0.197,0.6680294,0.0074644,14.68,14.68,0.0037322,14.68,,,,,,,,,,,,,,,,,,,,,,,,
29,42161,12/07/22,SI_708,C,5,0.413,CO2,3,0,368.7,96.6,,,,,,,,,,,,,,,1.7,5237,127323,127.323,1.2,5565,134881,1.484,3.6,7542,0.551,183672,1.0593544,0.0119587,-2.185,-2.185,1.4425627,0.0040424,5.69,5.69,0.0111517,-2.553,0.0020166,5.702
29,42161,12/07/22,SI_708,C,5,0.413,CO2,4,1,525.4,43.1,,,,,,,,,,,,,,,6.5,5204,96419,96.419,6.3,5523,102366,1.126,10.6,7463,0.415,138304,1.0616737,0.0119849,0,0,1.4344015,0.0040196,0,0,0.0111802,0,0.0020052,0
30,42162,12/07/22,GA1_Std_03,C,6,0.567,N2,1,1,47.4,27,16.6,3247,59829,59.829,11.6,2138,39389,0.433,0.6583702,0.0073564,0,0,0.0036782,0,,,,,,,,,,,,,,,,,,,,,,,,
30,42162,12/07/22,GA1_Std_03,C,6,0.567,N2,2,0,215.9,72.5,16.9,1108,23974,23.974,11.5,727,15721,0.173,0.6557463,0.0073271,-3.985,-3.985,0.0036635,-3.985,,,,,,,,,,,,,,,,,,,,,,,,
30,42162,12/07/22,GA1_Std_03,C,6,0.567,CO2,3,0,367.4,98.6,,,,,,,,,,,,,,,1.7,6384,155134,155.134,1.2,6699,162139,1.784,3.7,9190,0.671,223685,1.0451547,0.0117983,-15.566,-15.566,1.4418758,0.0040407,5.252,5.252,0.0109915,-16.883,0.0020158,5.296
30,42162,12/07/22,GA1_Std_03,C,6,0.567,CO2,4,1,525.4,41.4,,,,,,,,,,,,,,,3.9,5202,96428,96.428,3.5,5522,102376,1.126,6.8,7460,0.415,138311,1.0616807,0.0119849,0,0,1.4343424,0.0040196,0,0,0.0111802,0,0.0020052,0
31,42163,12/07/22,GA2_Std_03,C,7,0.543,N2,1,1,47.4,27,16.5,3245,59779,59.779,11.4,2138,39400,0.433,0.6590942,0.0073564,0,0,0.0036782,0,,,,,,,,,,,,,,,,,,,,,,,,
31,42163,12/07/22,GA2_Std_03,C,7,0.543,N2,2,0,216.1,72.7,16.8,1060,22966,22.966,11.5,696,15057,0.166,0.6556441,0.0073179,-5.235,-5.235,0.0036589,-5.235,,,,,,,,,,,,,,,,,,,,,,,,
31,42163,12/07/22,GA2_Std_03,C,7,0.543,CO2,3,0,367.8,98.4,,,,,,,,,,,,,,,1.7,6110,148410,148.41,1.2,6498,157238,1.73,3.6,8796,0.642,213991,1.0594809,0.0119599,-2.082,-2.082,1.4418897,0.0040408,5.289,5.289,0.011153,-2.429,0.0020158,5.3
31,42163,12/07/22,GA2_Std_03,C,7,0.543,CO2,4,1,525.4,42.4,,,,,,,,,,,,,,,4.2,5200,96352,96.352,3.8,5519,102296,1.125,7.2,7458,0.415,138198,1.0616918,0.0119849,0,0,1.4343036,0.0040196,0,0,0.0111802,0,0.0020052,0
32,42164,12/07/22,SAL_Std_03,C,8,0.529,N2,1,1,47.4,27,16.5,3245,59826,59.826,11.4,2138,39431,0.434,0.6590892,0.0073564,0,0,0.0036782,0,,,,,,,,,,,,,,,,,,,,,,,,
32,42164,12/07/22,SAL_Std_03,C,8,0.529,N2,2,0,216.1,76.5,16.8,1346,29366,29.366,11.5,898,19580,0.215,0.6667662,0.0074421,11.648,11.648,0.003721,11.648,,,,,,,,,,,,,,,,,,,,,,,,
32,42164,12/07/22,SAL_Std_03,C,8,0.529,CO2,3,0,367.4,107.2,,,,,,,,,,,,,,,1.7,6743,165867,165.867,1.2,7123,174498,1.919,3.6,9705,0.717,239099,1.0520386,0.011876,-9.078,-9.078,1.4415127,0.0040399,5.063,5.063,0.0110693,-9.921,0.0020154,5.091
32,42164,12/07/22,SAL_Std_03,C,8,0.529,CO2,4,1,525.4,43.1,,,,,,,,,,,,,,,9.3,5199,96352,96.352,9.2,5518,102295,1.125,14.7,7455,0.415,138193,1.0616769,0.0119849,0,0,1.4342505,0.0040196,0,0,0.0111802,0,0.0020052,0
33,42165,12/07/22,SI_709,C,9,0.41,N2,1,1,47.4,27,17.5,3243,59700,59.7,12.4,2137,39348,0.433,0.6590951,0.0073564,0,0,0.0036782,0,,,,,,,,,,,,,,,,,,,,,,,,
33,42165,12/07/22,SI_709,C,9,0.41,N2,2,0,215.9,75.2,17.4,1189,25956,25.956,12.0,795,17346,0.191,0.6682788,0.0074589,13.934,13.934,0.0037295,13.934,,,,,,,,,,,,,,,,,,,,,,,,
33,42165,12/07/22,SI_709,C,9,0.41,CO2,3,0,368.9,100.3,,,,,,,,,,,,,,,2.3,5123,125126,125.126,1.8,5445,132584,1.458,4.5,7377,0.541,180450,1.0596002,0.0119613,-1.965,-1.965,1.4421408,0.0040416,5.484,5.484,0.0111544,-2.31,0.0020162,5.495
33,42165,12/07/22,SI_709,C,9,0.41,CO2,4,1,525.4,43.1,,,,,,,,,,,,,,,7.3,5203,96435,96.435,7.2,5521,102384,1.126,11.9,7459,0.415,138314,1.0616864,0.0119849,0,0,1.4342755,0.0040196,0,0,0.0111802,0,0.0020052,0
34,42166,12/07/22,SI_710,C,10,0.442,N2,1,1,47.4,27,16.8,3243,59804,59.804,11.7,2137,39414,0.434,0.6590563,0.0073564,0,0,0.0036782,0,,,,,,,,,,,,,,,,,,,,,,,,
34,42166,12/07/22,SI_710,C,10,0.442,N2,2,0,215.9,75.2,17.0,1328,28905,28.905,11.6,889,19330,0.213,0.6687286,0.0074644,14.676,14.676,0.0037322,14.676,,,,,,,,,,,,,,,,,,,,,,,,
34,42166,12/07/22,SI_710,C,10,0.442,CO2,3,0,368.5,98.6,,,,,,,,,,,,,,,1.8,5617,137062,137.062,1.2,5969,145154,1.597,3.7,8090,0.593,197681,1.0590447,0.0119546,-2.521,-2.521,1.4422773,0.0040421,5.6,5.6,0.0111477,-2.911,0.0020165,5.612
34,42166,12/07/22,SI_710,C,10,0.442,CO2,4,1,525.4,42.6,,,,,,,,,,,,,,,5.9,5201,96379,96.379,5.7,5520,102327,1.126,9.8,7458,0.415,138231,1.0617218,0.0119849,0,0,1.4342457,0.0040196,0,0,0.0111802,0,0.0020052,0
35,42167,12/07/22,SI_711,C,11,0.447,N2,1,1,47.4,27,16.6,3243,59800,59.8,11.6,2137,39412,0.434,0.659069,0.0073564,0,0,0.0036782,0,,,,,,,,,,,,,,,,,,,,,,,,
35,42167,12/07/22,SI_711,C,11,0.447,N2,2,0,215.9,75,17.0,1356,29504,29.504,11.6,908,19734,0.217,0.6688746,0.0074658,14.878,14.878,0.0037329,14.878,,,,,,,,,,,,,,,,,,,,,,,,
35,42167,12/07/22,SI_711,C,11,0.447,CO2,3,0,368.3,99.1,,,,,,,,,,,,,,,1.8,5707,139289,139.289,1.3,6068,147585,1.623,3.8,8217,0.603,200887,1.0595553,0.0119604,-2.042,-2.042,1.4422311,0.004042,5.582,5.582,0.0111534,-2.396,0.0020164,5.593
35,42167,12/07/22,SI_711,C,11,0.447,CO2,4,1,525.4,43.1,,,,,,,,,,,,,,,6.2,5201,96372,96.372,6.0,5520,102320,1.126,10.3,7458,0.415,138219,1.061723,0.0119849,0,0,1.4342258,0.0040196,0,0,0.0111802,0,0.0020052,0
36,42168,12/07/22,SI_712,C,12,0.448,N2,1,1,47.4,27,16.8,3243,59735,59.735,11.7,2137,39369,0.433,0.6590583,0.0073564,0,0,0.0036782,0,,,,,,,,,,,,,,,,,,,,,,,,
36,42168,12/07/22,SI_712,C,12,0.448,N2,2,0,215.9,74.8,17.0,1334,28966,28.966,11.6,893,19371,0.213,0.6687656,0.0074648,14.729,14.729,0.0037324,14.729,,,,,,,,,,,,,,,,,,,,,,,,
36,42168,12/07/22,SI_712,C,12,0.448,CO2,3,0,368.3,98,,,,,,,,,,,,,,,1.8,5693,138587,138.587,1.4,6051,146803,1.615,3.8,8198,0.6,199886,1.0592857,0.011957,-2.326,-2.326,1.4423096,0.0040423,5.653,5.653,0.01115,-2.703,0.0020166,5.665
36,42168,12/07/22,SI_712,C,12,0.448,CO2,4,1,525.4,43.1,,,,,,,,,,,,,,,6.6,5197,96298,96.298,6.4,5516,102245,1.125,10.8,7451,0.414,138110,1.0617549,0.0119849,0,0,1.4342025,0.0040196,0,0,0.0111802,0,0.0020052,0
37,42169,12/08/22,Blank,D,1,0,N2,1,1,47.4,27,16.7,3241,59699,59.699,11.6,2135,39345,0.433,0.6590673,0.0073564,0,0,0.0036782,0,,,,,,,,,,,,,,,,,,,,,,,,
37,42169,12/08/22,Blank,D,1,0,CO2,2,1,525.2,40.5,,,,,,,,,,,,,,,1.8,5196,96137,96.137,1.3,5515,102096,1.123,3.8,7449,0.414,137898,1.0619761,0.0119849,0,0,1.4343875,0.0040196,0,0,0.0111802,0,0.0020052,0
38,42170,12/08/22,SI_713,D,2,0.487,N2,1,1,47.4,27,16.0,3243,59791,59.791,11.0,2136,39404,0.433,0.6590352,0.0073564,0,0,0.0036782,0,,,,,,,,,,,,,,,,,,,,,,,,
38,42170,12/08/22,SI_713,D,2,0.487,N2,2,0,215.9,75.7,16.6,1448,31428,31.428,11.2,969,21006,0.231,0.6683783,0.0074607,14.177,14.177,0.0037303,14.177,,,,,,,,,,,,,,,,,,,,,,,,
38,42170,12/08/22,SI_713,D,2,0.487,CO2,3,0,367.8,100.5,,,,,,,,,,,,,,,1.5,6119,149390,149.39,1.0,6503,158141,1.74,3.4,8812,0.646,215483,1.0585822,0.0119484,-3.041,-3.041,1.442424,0.0040425,5.711,5.711,0.0111414,-3.472,0.0020167,5.725
38,42170,12/08/22,SI_713,D,2,0.487,CO2,4,1,525.4,43.1,,,,,,,,,,,,,,,8.5,5194,96251,96.251,8.4,5513,102201,1.124,13.5,7448,0.414,138047,1.0618112,0.0119849,0,0,1.4342326,0.0040196,0,0,0.0111802,0,0.0020052,0
39,42171,12/08/22,SI_714,D,3,0.486,N2,1,1,47.4,27,16.9,3239,59747,59.747,11.8,2134,39377,0.433,0.6590722,0.0073564,0,0,0.0036782,0,,,,,,,,,,,,,,,,,,,,,,,,
39,42171,12/08/22,SI_714,D,3,0.486,N2,2,0,216.1,74.8,17.1,1444,31225,31.225,11.7,966,20878,0.23,0.6686236,0.007463,14.492,14.492,0.0037315,14.492,,,,,,,,,,,,,,,,,,,,,,,,
39,42171,12/08/22,SI_714,D,3,0.486,CO2,3,0,367.8,99.1,,,,,,,,,,,,,,,2.0,6172,150089,150.089,1.5,6562,158953,1.748,4.1,8890,0.649,216476,1.0590573,0.0119539,-2.584,-2.584,1.4423222,0.0040424,5.684,5.684,0.0111469,-2.981,0.0020166,5.697
39,42171,12/08/22,SI_714,D,3,0.486,CO2,4,1,525.4,43.1,,,,,,,,,,,,,,,5.9,5191,96201,96.201,5.6,5510,102146,1.124,9.7,7443,0.414,137968,1.0618011,0.0119849,0,0,1.4341707,0.0040196,0,0,0.0111802,0,0.0020052,0
40,42172,12/08/22,SI_715,D,4,0.417,N2,1,1,47.4,27,16.7,3238,59676,59.676,11.6,2134,39329,0.433,0.6590456,0.0073564,0,0,0.0036782,0,,,,,,,,,,,,,,,,,,,,,,,,
40,42172,12/08/22,SI_715,D,4,0.417,N2,2,0,216.1,74.2,16.9,1204,26118,26.118,11.6,805,17467,0.192,0.6687822,0.0074651,14.774,14.774,0.0037325,14.774,,,,,,,,,,,,,,,,,,,,,,,,
40,42172,12/08/22,SI_715,D,4,0.417,CO2,3,0,368.9,96.8,,,,,,,,,,,,,,,1.8,5239,127106,127.106,1.3,5566,134630,1.481,3.8,7547,0.55,183385,1.0591937,0.011955,-2.489,-2.489,1.4427691,0.0040438,6.029,6.029,0.0111479,-2.892,0.0020173,6.042
40,42172,12/08/22,SI_715,D,4,0.417,CO2,4,1,525.4,42.6,,,,,,,,,,,,,,,5.2,5191,96196,96.196,4.9,5510,102144,1.124,8.8,7443,0.414,137957,1.0618369,0.0119849,0,0,1.4341232,0.0040196,0,0,0.0111802,0,0.0020052,0
41,42173,12/08/22,SI_716,D,5,0.431,N2,1,1,47.4,26.8,16.5,3237,59676,59.676,11.5,2133,39331,0.433,0.6590705,0.0073564,0,0,0.0036782,0,,,,,,,,,,,,,,,,,,,,,,,,
41,42173,12/08/22,SI_716,D,5,0.431,N2,2,0,215.9,74.4,16.8,1305,28279,28.279,11.5,874,18925,0.208,0.6692405,0.0074699,15.431,15.431,0.003735,15.431,,,,,,,,,,,,,,,,,,,,,,,,
41,42173,12/08/22,SI_716,D,5,0.431,CO2,3,0,368.5,96.6,,,,,,,,,,,,,,,1.7,5515,133797,133.797,1.2,5863,141768,1.559,3.6,7945,0.579,193049,1.0595768,0.0119594,-2.126,-2.126,1.4428468,0.0040442,6.122,6.122,0.0111522,-2.506,0.0020175,6.134
41,42173,12/08/22,SI_716,D,5,0.431,CO2,4,1,525.4,42.2,,,,,,,,,,,,,,,4.7,5190,96173,96.173,4.3,5509,102120,1.123,8.0,7441,0.414,137919,1.0618338,0.0119849,0,0,1.4340672,0.0040196,0,0,0.0111802,0,0.0020052,0
42,42174,12/08/22,SAL_Std_04,D,6,0.56,N2,1,1,47.4,27,16.4,3237,59720,59.72,11.4,2133,39358,0.433,0.6590517,0.0073564,0,0,0.0036782,0,,,,,,,,,,,,,,,,,,,,,,,,
42,42174,12/08/22,SAL_Std_04,D,6,0.56,N2,2,0,215.9,78.2,16.8,1425,31020,31.02,11.5,951,20683,0.228,0.6667735,0.0074426,11.717,11.717,0.0037213,11.717,,,,,,,,,,,,,,,,,,,,,,,,
42,42174,12/08/22,SAL_Std_04,D,6,0.56,CO2,3,0,366.8,112.2,,,,,,,,,,,,,,,1.7,7109,175174,175.174,1.2,7512,184290,2.027,3.6,10234,0.758,252572,1.0520362,0.0118747,-9.195,-9.195,1.4418343,0.0040415,5.454,5.454,0.0110677,-10.06,0.0020162,5.482
42,42174,12/08/22,SAL_Std_04,D,6,0.56,CO2,4,1,525.4,43.3,,,,,,,,,,,,,,,11.6,5190,96188,96.188,11.6,5508,102132,1.123,18.1,7441,0.414,137934,1.0617989,0.0119849,0,0,1.4340135,0.0040196,0,0,0.0111802,0,0.0020052,0
43,42175,12/08/22,GA1_Std_04,D,7,0.522,N2,1,1,47.4,27,18.0,3236,59637,59.637,12.9,2132,39303,0.432,0.6590309,0.0073564,0,0,0.0036782,0,,,,,,,,,,,,,,,,,,,,,,,,
43,42175,12/08/22,GA1_Std_04,D,7,0.522,N2,2,0,215.9,72.5,17.7,1009,21838,21.838,12.3,663,14331,0.158,0.6562367,0.0073252,-4.24,-4.24,0.0036626,-4.24,,,,,,,,,,,,,,,,,,,,,,,,
43,42175,12/08/22,GA1_Std_04,D,7,0.522,CO2,3,0,368,98.4,,,,,,,,,,,,,,,2.8,5845,141770,141.77,2.3,6131,148173,1.63,5.2,8418,0.613,204481,1.0451657,0.0117965,-15.719,-15.719,1.4423413,0.004043,5.827,5.827,0.0109894,-17.068,0.002017,5.872
43,42175,12/08/22,GA1_Std_04,D,7,0.522,CO2,4,1,525.4,42.4,,,,,,,,,,,,,,,4.4,5188,96143,96.143,4.0,5507,102090,1.123,7.6,7439,0.414,137868,1.0618567,0.0119849,0,0,1.4339856,0.0040196,0,0,0.0111802,0,0.0020052,0
44,42176,12/08/22,GA2_Std_04,D,8,0.605,N2,1,1,47.4,27,16.5,3237,59650,59.65,11.5,2133,39312,0.432,0.6590385,0.0073564,0,0,0.0036782,0,,,,,,,,,,,,,,,,,,,,,,,,
44,42176,12/08/22,GA2_Std_04,D,8,0.605,N2,2,0,216.1,72.7,16.9,1186,25564,25.564,11.5,779,16760,0.184,0.6556025,0.007318,-5.214,-5.214,0.003659,-5.214,,,,,,,,,,,,,,,,,,,,,,,,
44,42176,12/08/22,GA2_Std_04,D,8,0.605,CO2,3,0,367.2,99.5,,,,,,,,,,,,,,,1.7,6803,165212,165.212,1.2,7239,175044,1.925,3.6,9796,0.715,238231,1.0595128,0.0119583,-2.219,-2.219,1.4419722,0.004042,5.592,5.592,0.0111513,-2.586,0.0020164,5.604
44,42176,12/08/22,GA2_Std_04,D,8,0.605,CO2,4,1,525.4,41.4,,,,,,,,,,,,,,,4.1,5187,96098,96.098,3.7,5506,102043,1.122,7.2,7435,0.413,137800,1.0618687,0.0119849,0,0,1.4339534,0.0040196,0,0,0.0111802,0,0.0020052,0
45,42177,12/08/22,GA2_QTY_0.14,D,9,0.127,N2,1,1,47.4,27,16.4,3235,59663,59.663,11.4,2132,39320,0.433,0.6590426,0.0073564,0,0,0.0036782,0,,,,,,,,,,,,,,,,,,,,,,,,
45,42177,12/08/22,GA2_QTY_0.14,D,9,0.127,N2,2,0,215.7,64,16.8,239,5260,5.26,11.4,157,3449,0.038,0.6556959,0.007319,-5.078,-5.078,0.0036595,-5.078,,,,,,,,,,,,,,,,,,,,,,,,
45,42177,12/08/22,GA2_QTY_0.14,D,9,0.127,CO2,3,0,372.2,83.8,,,,,,,,,,,,,,,1.7,1489,35783,35.783,1.2,1577,37884,0.417,3.6,2148,0.155,51695,1.0587192,0.011948,-3.075,-3.075,1.4446963,0.0040493,7.389,7.389,0.0111403,-3.571,0.00202,7.405
45,42177,12/08/22,GA2_QTY_0.14,D,9,0.127,CO2,4,1,525.2,41.6,,,,,,,,,,,,,,,2.7,5188,96145,96.145,2.2,5508,102105,1.123,5.1,7438,0.414,137882,1.0619849,0.0119849,0,0,1.4340993,0.0040196,0,0,0.0111802,0,0.0020052,0
46,42178,12/08/22,GA2_QTY_0.56,D,10,0.521,N2,1,1,47.4,27,16.2,3236,59688,59.688,11.2,2132,39337,0.433,0.6590392,0.0073564,0,0,0.0036782,0,,,,,,,,,,,,,,,,,,,,,,,,
46,42178,12/08/22,GA2_QTY_0.56,D,10,0.521,N2,2,0,215.9,72.7,16.7,1015,21962,21.962,11.3,666,14399,0.158,0.6556475,0.0073185,-5.147,-5.147,0.0036593,-5.147,,,,,,,,,,,,,,,,,,,,,,,,
46,42178,12/08/22,GA2_QTY_0.56,D,10,0.521,CO2,3,0,368,97.8,,,,,,,,,,,,,,,1.5,5886,143084,143.084,1.0,6258,151563,1.667,3.3,8482,0.619,206494,1.0592536,0.0119548,-2.508,-2.508,1.443161,0.0040453,6.406,6.406,0.0111475,-2.926,0.0020181,6.419
46,42178,12/08/22,GA2_QTY_0.56,D,10,0.521,CO2,4,1,525.4,42.2,,,,,,,,,,,,,,,3.8,5188,96155,96.155,3.4,5506,102108,1.123,6.7,7436,0.414,137884,1.0619167,0.0119849,0,0,1.4339751,0.0040196,0,0,0.0111802,0,0.0020052,0
47,42179,12/08/22,GA2_QTY_0.70,D,11,0.664,N2,1,1,47.4,27,16.3,3236,59581,59.581,11.3,2132,39268,0.432,0.6590609,0.0073564,0,0,0.0036782,0,,,,,,,,,,,,,,,,,,,,,,,,
47,42179,12/08/22,GA2_QTY_0.70,D,11,0.664,N2,2,0,215.7,73.8,16.8,1309,28224,28.224,11.4,859,18505,0.204,0.6556588,0.0073184,-5.162,-5.162,0.0036592,-5.162,,,,,,,,,,,,,,,,,,,,,,,,
47,42179,12/08/22,GA2_QTY_0.70,D,11,0.664,CO2,3,0,366.2,99.7,,,,,,,,,,,,,,,1.6,7452,181582,181.582,1.1,7933,192389,2.116,3.4,10732,0.786,261844,1.059516,0.0119582,-2.22,-2.22,1.4420187,0.0040422,5.625,5.625,0.0111513,-2.589,0.0020165,5.637
47,42179,12/08/22,GA2_QTY_0.70,D,11,0.664,CO2,4,1,525.4,42.2,,,,,,,,,,,,,,,4.0,5182,96025,96.025,3.7,5501,101967,1.122,7.1,7429,0.413,137696,1.0618739,0.0119849,0,0,1.4339522,0.0040196,0,0,0.0111802,0,0.0020052,0
48,42180,12/08/22,Blank,D,12,0,N2,1,1,47.4,27,16.4,3232,59527,59.527,11.3,2129,39230,0.432,0.6590343,0.0073564,0,0,0.0036782,0,,,,,,,,,,,,,,,,,,,,,,,,
48,42180,12/08/22,Blank,D,12,0,CO2,2,1,525.2,40.8,,,,,,,,,,,,,,,1.8,5185,95937,95.937,1.2,5504,101898,1.121,3.6,7433,0.413,137587,1.0621392,0.0119849,0,0,1.4341391,0.0040196,0,0,0.0111802,0,0.0020052,0
49,42181,12/08/22,BlankBlank,E,1,0,N2,1,1,47.4,27,15.9,3236,59619,59.619,10.9,2132,39292,0.432,0.6590476,0.0073564,0,0,0.0036782,0,,,,,,,,,,,,,,,,,,,,,,,,
49,42181,12/08/22,BlankBlank,E,1,0,CO2,2,1,525.2,40.8,,,,,,,,,,,,,,,1.4,5185,95893,95.893,0.9,5504,101857,1.12,3.2,7432,0.413,137530,1.0622021,0.0119849,0,0,1.4342091,0.0040196,0,0,0.0111802,0,0.0020052,0